*Customers / Projects,*Customers / Projects,ABB,,,,,,,,,,ABB,,,N
*Customers / Projects,*Customers / Projects,ABB,91015273,,,,,,,,,91015273,,,N
*Customers / Projects,*Customers / Projects,ABB,91016540,,,,,,,,,91016540,,,N
*Customers / Projects,*Customers / Projects,ABB,91017619,,,,,,,,,91017619,,,N
*Customers / Projects,*Customers / Projects,ABB,91017785,,,,,,,,,91017785,,,N
*Customers / Projects,*Customers / Projects,ABB,EHP8_UPGRADE Kontierung 92505523,,,,,,,,,EHP8_UPGRADE Kontierung 92505523,,,N
*Customers / Projects,*Customers / Projects,ABB,RT46181,,,,,,,,,RT46181,,,N
*Customers / Projects,*Customers / Projects,ABB,SAP HCM Beratung,,,,,,,,,SAP HCM Beratung,,,N
*Customers / Projects,*Customers / Projects,ABB,Support CRC,,,,,,,,,Support CRC,,,N
*Customers / Projects,*Customers / Projects,ACONSO,,,,,,,,,,ACONSO,,,N
*Customers / Projects,*Customers / Projects,ADA,,,,,,,,,,ADA,,,N
*Customers / Projects,*Customers / Projects,ALBIRO_AG,,,,,,,,,,ALBIRO_AG,,,N
*Customers / Projects,*Customers / Projects,ALBIRO_AG,SAP HCM Support,,,,,,,,,SAP HCM Support,,,N
*Customers / Projects,*Customers / Projects,ALPENLAND,,,,,,,,,,ALPENLAND,,,N
*Customers / Projects,*Customers / Projects,ALPENLAND,GlZ Kamptal,,,,,,,,,GlZ Kamptal,,,N
*Customers / Projects,*Customers / Projects,ALPENLAND,KV 2019/20,,,,,,,,,KV 2019/20,,,N
*Customers / Projects,*Customers / Projects,ALPENLAND,Mischberechn. SZ Ges,,,,,,,,,Mischberechn. SZ Ges,,,N
*Customers / Projects,*Customers / Projects,ALPENLAND_GES.,,,,,,,,,,ALPENLAND_GES.,,,N
*Customers / Projects,*Customers / Projects,ALPENLAND_GES.,Mischberechn. SZ,,,,,,,,,Mischberechn. SZ,,,N
*Customers / Projects,*Customers / Projects,ANTON_PAAR,,,,,,,,,,ANTON_PAAR,,,N
*Customers / Projects,*Customers / Projects,ANTON_PAAR,SF Performance & Goals (1914459),,,,,,,,,SF Performance & Goals (1914459),,,N
*Customers / Projects,*Customers / Projects,ANTON_PAAR,SF Support Betrieb (1914459),,,,,,,,,SF Support Betrieb (1914459),,,N
*Customers / Projects,*Customers / Projects,ASC_BUEHLER,,,,,,,,,,ASC_BUEHLER,,,N
*Customers / Projects,*Customers / Projects,ASC_BUEHLER,Diverse,,,,,,,,,Diverse,,,N
*Customers / Projects,*Customers / Projects,ASC_SUNRISE,,,,,,,,,,ASC_SUNRISE,,,N
*Customers / Projects,*Customers / Projects,ASC_SUNRISE,HR Customizing for S/4HANA ERP (,,,,,,,,,HR Customizing for S/4HANA ERP (NOVA),,,N
*Customers / Projects,*Customers / Projects,ASC_SUNRISE,Humanity (Time Evaluation+ Autom,,,,,,,,,Humanity (Time Evaluation+ Automated Mail),,,N
*Customers / Projects,*Customers / Projects,ASC_SUNRISE,NICE UAT/Deployment,,,,,,,,,NICE UAT/Deployment,,,N
*Customers / Projects,*Customers / Projects,ASC_SUNRISE,ONE HR Phase 2 Initial CRs,,,,,,,,,ONE HR Phase 2 Initial CRs,,,N
*Customers / Projects,*Customers / Projects,ASC_SUNRISE,ONE HR Phase 2 Mlog Changes,,,,,,,,,ONE HR Phase 2 Mlog Changes,,,N
*Customers / Projects,*Customers / Projects,ASC_SUNRISE,Sapphire ONE HR Post Go-Live (48,,,,,,,,,Sapphire ONE HR Post Go-Live (4820208125),,,N
*Customers / Projects,*Customers / Projects,ASC_SUNRISE,Workday Phase 1 - initial CRs,,,,,,,,,Workday Phase 1 - initial CRs,,,N
*Customers / Projects,*Customers / Projects,ASC_SUNRISE,Workday-SAP Integration,,,,,,,,,Workday-SAP Integration,,,N
*Customers / Projects,*Customers / Projects,ASC_SUNRISE,Workday-SAP Migration,,,,,,,,,Workday-SAP Migration,,,N
*Customers / Projects,*Customers / Projects,ATB,,,,,,,,,,ATB,,,N
*Customers / Projects,*Customers / Projects,ATB,Diverse,,,,,,,,,Diverse,,,N
*Customers / Projects,*Customers / Projects,AVE_AGATHON,,,,,,,,,,AVE_AGATHON,,,N
*Customers / Projects,*Customers / Projects,AVE_AGATHON,AVE_Agathon,,,,,,,,,AVE_Agathon,,,N
*Customers / Projects,*Customers / Projects,AVE_AXPO,,,,,,,,,,AVE_AXPO,,,N
*Customers / Projects,*Customers / Projects,AVE_AXPO,AVE_Axpo,,,,,,,,,AVE_Axpo,,,N
*Customers / Projects,*Customers / Projects,AVE_JOINEER,,,,,,,,,,AVE_JOINEER,,,N
*Customers / Projects,*Customers / Projects,AVE_JOINEER,AVE_Joineer,,,,,,,,,AVE_Joineer,,,N
*Customers / Projects,*Customers / Projects,AVE_SUHNER,,,,,,,,,,AVE_SUHNER,,,N
*Customers / Projects,*Customers / Projects,AVE_SUHNER,AVE_Suhner,,,,,,,,,AVE_Suhner,,,N
*Customers / Projects,*Customers / Projects,AXALTA,,,,,,,,,,AXALTA,,,N
*Customers / Projects,*Customers / Projects,AXALTA,Diverse,,,,,,,,,Diverse,,,N
*Customers / Projects,*Customers / Projects,AXIANS_BRZ,,,,,,,,,,AXIANS_BRZ,,,N
*Customers / Projects,*Customers / Projects,AXIANS_BRZ,Diverse,,,,,,,,,Diverse,,,N
*Customers / Projects,*Customers / Projects,BIOGENA,,,,,,,,,,BIOGENA,,,N
*Customers / Projects,*Customers / Projects,BIOGENA,CR - Franchise,,,,,,,,,CR - Franchise,,,N
*Customers / Projects,*Customers / Projects,BIOGENA,CR - IKUNA,,,,,,,,,CR - IKUNA,,,N
*Customers / Projects,*Customers / Projects,BIOGENA,Onboarding,,,,,,,,,Onboarding,,,N
*Customers / Projects,*Customers / Projects,BIOGENA,Projektmanagement,,,,,,,,,Projektmanagement,,,N
*Customers / Projects,*Customers / Projects,BIOGENA,Recruiting,,,,,,,,,Recruiting,,,N
*Customers / Projects,*Customers / Projects,BIOGENA,Support,,,,,,,,,Support,,,N
*Customers / Projects,*Customers / Projects,BUAG,,,,,,,,,,BUAG,,,N
*Customers / Projects,*Customers / Projects,BUAG,Reisezeit CH bis 40 Tage,,,,,,,,,Reisezeit CH bis 40 Tage,,,N
*Customers / Projects,*Customers / Projects,BUAG,SF Support Tranche 2,,,,,,,,,SF Support Tranche 2,,,N
*Customers / Projects,*Customers / Projects,BUAG,SF Support Tranche 3,,,,,,,,,SF Support Tranche 3,,,N
*Customers / Projects,*Customers / Projects,BUAG,Support CH bis 40 Tage,,,,,,,,,Support CH bis 40 Tage,,,N
*Customers / Projects,*Customers / Projects,CA_IMMO,,,,,,,,,,CA_IMMO,,,N
*Customers / Projects,*Customers / Projects,CA_IMMO,Compensation,,,,,,,,,Compensation,,,N
*Customers / Projects,*Customers / Projects,CA_IMMO,Employee Central,,,,,,,,,Employee Central,,,N
*Customers / Projects,*Customers / Projects,CA_IMMO,Gutschrift,,,,,,,,,Gutschrift,,,N
*Customers / Projects,*Customers / Projects,CA_IMMO,Jour Fixe,,,,,,,,,Jour Fixe,,,N
*Customers / Projects,*Customers / Projects,CA_IMMO,Performance & Goals,,,,,,,,,Performance & Goals,,,N
*Customers / Projects,*Customers / Projects,CA_IMMO,Projektmanagement,,,,,,,,,Projektmanagement,,,N
*Customers / Projects,*Customers / Projects,CA_IMMO,Time Off,,,,,,,,,Time Off,,,N
*Customers / Projects,*Customers / Projects,CA_IMMO,Workforce Analytics,,,,,,,,,Workforce Analytics,,,N
*Customers / Projects,*Customers / Projects,CASINOS_AUSTRIA,,,,,,,,,,CASINOS_AUSTRIA,,,N
*Customers / Projects,*Customers / Projects,CASINOS_AUSTRIA,SAP HCM Consulting 03/2022,,,,,,,,,SAP HCM Consulting 03/2022,,,N
*Customers / Projects,*Customers / Projects,CASINOS_AUSTRIA,SAP HCM Consulting 06/2022,,,,,,,,,SAP HCM Consulting 06/2022,,,N
*Customers / Projects,*Customers / Projects,CASINOS_AUSTRIA,SF Employee Central,,,,,,,,,SF Employee Central,,,N
*Customers / Projects,*Customers / Projects,CASINOS_AUSTRIA,SF Foundation,,,,,,,,,SF Foundation,,,N
*Customers / Projects,*Customers / Projects,CASINOS_AUSTRIA,SF Integration,,,,,,,,,SF Integration,,,N
*Customers / Projects,*Customers / Projects,CASINOS_AUSTRIA,SF Projektmanagement,,,,,,,,,SF Projektmanagement,,,N
*Customers / Projects,*Customers / Projects,CASINOS_AUSTRIA,SF Recruiting,,,,,,,,,SF Recruiting,,,N
*Customers / Projects,*Customers / Projects,CASINOS_AUSTRIA,Stundenpool 01/2021,,,,,,,,,Stundenpool 01/2021,,,N
*Customers / Projects,*Customers / Projects,CELEBI,,,,,,,,,,CELEBI,,,N
*Customers / Projects,*Customers / Projects,CELEBI,Diverse,,,,,,,,,Diverse,,,N
*Customers / Projects,*Customers / Projects,CIDEON,,,,,,,,,,CIDEON,,,N
*Customers / Projects,*Customers / Projects,CIDEON,Support,,,,,,,,,Support,,,N
*Customers / Projects,*Customers / Projects,CIDEON,TRV_WF-2016,,,,,,,,,TRV_WF-2016,,,N
*Customers / Projects,*Customers / Projects,CIDEON_ENG,,,,,,,,,,CIDEON_ENG,,,N
*Customers / Projects,*Customers / Projects,CIDEON_ENG,Diverse,,,,,,,,,Diverse,,,N
*Customers / Projects,*Customers / Projects,COLLINI,,,,,,,,,,COLLINI,,,N
*Customers / Projects,*Customers / Projects,COLLINI,Diverse,,,,,,,,,Diverse,,,N
*Customers / Projects,*Customers / Projects,COLLINI,Impl. Projekt,,,,,,,,,Impl. Projekt,,,N
*Customers / Projects,*Customers / Projects,CONSTANTIA,,,,,,,,,,CONSTANTIA,,,N
*Customers / Projects,*Customers / Projects,CONSTANTIA,2022 Initial Analysis of SAP HCM,,,,,,,,,2022 Initial Analysis of SAP HCM AT,,,N
*Customers / Projects,*Customers / Projects,DOKA_AG_(CH),,,,,,,,,,DOKA_AG_(CH),,,N
*Customers / Projects,*Customers / Projects,DOKA_AG_(CH),Diverse,,,,,,,,,Diverse,,,N
*Customers / Projects,*Customers / Projects,DOKA_GMBH,,,,,,,,,,DOKA_GMBH,,,N
*Customers / Projects,*Customers / Projects,DOKA_GMBH,Diverse,,,,,,,,,Diverse,,,N
*Customers / Projects,*Customers / Projects,DOKA_GMBH,DOKA AG (CH),,,,,,,,,DOKA AG (CH),,,N
*Customers / Projects,*Customers / Projects,E_Stmk,,,,,,,,,,E_Stmk,,,N
*Customers / Projects,*Customers / Projects,E_Stmk,Releaseunterstützung,,,,,,,,,Releaseunterstützung,,,N
*Customers / Projects,*Customers / Projects,E_Stmk,Spezieller Support AG,,,,,,,,,Spezieller Support AG,,,N
*Customers / Projects,*Customers / Projects,E_Stmk,Support SF,,,,,,,,,Support SF,,,N
*Customers / Projects,*Customers / Projects,EBG,,,,,,,,,,EBG,,,N
*Customers / Projects,*Customers / Projects,EBG,CN Rollout Additional Points,,,,,,,,,CN Rollout Additional Points,,,N
*Customers / Projects,*Customers / Projects,EBG,Support,,,,,,,,,Support,,,N
*Customers / Projects,*Customers / Projects,EGOKIEFER_AG,,,,,,,,,,EGOKIEFER_AG,,,N
*Customers / Projects,*Customers / Projects,EGOKIEFER_AG,HR Carve out,,,,,,,,,HR Carve out,,,N
*Customers / Projects,*Customers / Projects,EGOKIEFER_AG,SAP HCM Support,,,,,,,,,SAP HCM Support,,,N
*Customers / Projects,*Customers / Projects,ENGEL,,,,,,,,,,ENGEL,,,N
*Customers / Projects,*Customers / Projects,ENGEL,Time management,,,,,,,,,Time management,,,N
*Customers / Projects,*Customers / Projects,ENGEL_CHANGZHOU,,,,,,,,,,ENGEL_CHANGZHOU,,,N
*Customers / Projects,*Customers / Projects,ENGEL_CHANGZHOU,ENGEL CY PY and PT support,,,,,,,,,ENGEL CY PY and PT support,,,N
*Customers / Projects,*Customers / Projects,ENGEL_SHANGHAI,,,,,,,,,,ENGEL_SHANGHAI,,,N
*Customers / Projects,*Customers / Projects,ENGEL_SHANGHAI,ENGEL SH PY and PT support,,,,,,,,,ENGEL SH PY and PT support,,,N
*Customers / Projects,*Customers / Projects,ERNSTINGS_FAMILY,,,,,,,,,,ERNSTINGS_FAMILY,,,N
*Customers / Projects,*Customers / Projects,ERNSTINGS_FAMILY,SAP HCM Consulting_Onsite,,,,,,,,,SAP HCM Consulting_Onsite,,,N
*Customers / Projects,*Customers / Projects,ERNSTINGS_FAMILY,SAP HCM Consulting_Remote,,,,,,,,,SAP HCM Consulting_Remote,,,N
*Customers / Projects,*Customers / Projects,ERPS_AAS,,,,,,,,,,ERPS_AAS,,,N
*Customers / Projects,*Customers / Projects,ERPS_AAS,AAS,,,,,,,,,AAS,,,N
*Customers / Projects,*Customers / Projects,ERPS_AON,,,,,,,,,,ERPS_AON,,,N
*Customers / Projects,*Customers / Projects,ERPS_AON,AON,,,,,,,,,AON,,,N
*Customers / Projects,*Customers / Projects,ERPS_ARTOZ,,,,,,,,,,ERPS_ARTOZ,,,N
*Customers / Projects,*Customers / Projects,ERPS_ARTOZ,Artoz Papier,,,,,,,,,Artoz Papier,,,N
*Customers / Projects,*Customers / Projects,ERPS_AVENIQ,,,,,,,,,,ERPS_AVENIQ,,,N
*Customers / Projects,*Customers / Projects,ERPS_AVENIQ,ERPSourcing,,,,,,,,,ERPSourcing,,,N
*Customers / Projects,*Customers / Projects,ERPS_BÄR,,,,,,,,,,ERPS_BÄR,,,N
*Customers / Projects,*Customers / Projects,ERPS_BÄR,Bär Bahnsicherung,,,,,,,,,Bär Bahnsicherung,,,N
*Customers / Projects,*Customers / Projects,ERPS_BASILEA,,,,,,,,,,ERPS_BASILEA,,,N
*Customers / Projects,*Customers / Projects,ERPS_BASILEA,Basilea,,,,,,,,,Basilea,,,N
*Customers / Projects,*Customers / Projects,ERPS_CAPITAL_DYNAMICS,,,,,,,,,,ERPS_CAPITAL_DYNAMICS,,,N
*Customers / Projects,*Customers / Projects,ERPS_CAPITAL_DYNAMICS,Capital Dynamics,,,,,,,,,Capital Dynamics,,,N
*Customers / Projects,*Customers / Projects,ERPS_COLLANO,,,,,,,,,,ERPS_COLLANO,,,N
*Customers / Projects,*Customers / Projects,ERPS_COLLANO,Collano,,,,,,,,,Collano,,,N
*Customers / Projects,*Customers / Projects,ERPS_ECOLAB,,,,,,,,,,ERPS_ECOLAB,,,N
*Customers / Projects,*Customers / Projects,ERPS_ECOLAB,Ecolab,,,,,,,,,Ecolab,,,N
*Customers / Projects,*Customers / Projects,ERPS_EMCH,,,,,,,,,,ERPS_EMCH,,,N
*Customers / Projects,*Customers / Projects,ERPS_EMCH,EMCH,,,,,,,,,EMCH,,,N
*Customers / Projects,*Customers / Projects,ERPS_EMERELL,,,,,,,,,,ERPS_EMERELL,,,N
*Customers / Projects,*Customers / Projects,ERPS_EMERELL,Emerell,,,,,,,,,Emerell,,,N
*Customers / Projects,*Customers / Projects,ERPS_ERNI,,,,,,,,,,ERPS_ERNI,,,N
*Customers / Projects,*Customers / Projects,ERPS_ERNI,ERNI Electronics,,,,,,,,,ERNI Electronics,,,N
*Customers / Projects,*Customers / Projects,ERPS_ETHOS,,,,,,,,,,ERPS_ETHOS,,,N
*Customers / Projects,*Customers / Projects,ERPS_ETHOS,EthosEnergy,,,,,,,,,EthosEnergy,,,N
*Customers / Projects,*Customers / Projects,ERPS_EY,,,,,,,,,,ERPS_EY,,,Y
*Customers / Projects,*Customers / Projects,ERPS_EY,EY,,,,,,,,,EY,,,N
*Customers / Projects,*Customers / Projects,ERPS_EY_BARCLAYS,,,,,,,,,,ERPS_EY_BARCLAYS,,,N
*Customers / Projects,*Customers / Projects,ERPS_EY_BARCLAYS,EY / Barclays,,,,,,,,,EY / Barclays,,,N
*Customers / Projects,*Customers / Projects,ERPS_EY_MICROSOFT,,,,,,,,,,ERPS_EY_MICROSOFT,,,N
*Customers / Projects,*Customers / Projects,ERPS_EY_MICROSOFT,EY / Microsoft,,,,,,,,,EY / Microsoft,,,N
*Customers / Projects,*Customers / Projects,ERPS_EY_P&G,,,,,,,,,,ERPS_EY_P&G,,,N
*Customers / Projects,*Customers / Projects,ERPS_EY_P&G,EY / P&G,,,,,,,,,EY / P&G,,,N
*Customers / Projects,*Customers / Projects,ERPS_FHNW,,,,,,,,,,ERPS_FHNW,,,N
*Customers / Projects,*Customers / Projects,ERPS_FHNW,FHNW,,,,,,,,,FHNW,,,N
*Customers / Projects,*Customers / Projects,ERPS_FINSERV,,,,,,,,,,ERPS_FINSERV,,,N
*Customers / Projects,*Customers / Projects,ERPS_FINSERV,FINserv,,,,,,,,,FINserv,,,N
*Customers / Projects,*Customers / Projects,ERPS_GATE_GOURMET,,,,,,,,,,ERPS_GATE_GOURMET,,,N
*Customers / Projects,*Customers / Projects,ERPS_GATE_GOURMET,Gate Gourmet,,,,,,,,,Gate Gourmet,,,N
*Customers / Projects,*Customers / Projects,ERPS_GHERZI,,,,,,,,,,ERPS_GHERZI,,,N
*Customers / Projects,*Customers / Projects,ERPS_GHERZI,Gherzi,,,,,,,,,Gherzi,,,N
*Customers / Projects,*Customers / Projects,ERPS_Glas_Trösch,,,,,,,,,,ERPS_Glas_Trösch,,,N
*Customers / Projects,*Customers / Projects,ERPS_Glas_Trösch,Glas Trösch,,,,,,,,,Glas Trösch,,,N
*Customers / Projects,*Customers / Projects,ERPS_GMC,,,,,,,,,,ERPS_GMC,,,N
*Customers / Projects,*Customers / Projects,ERPS_GMC,GMC,,,,,,,,,GMC,,,N
*Customers / Projects,*Customers / Projects,ERPS_Granovit,,,,,,,,,,ERPS_Granovit,,,N
*Customers / Projects,*Customers / Projects,ERPS_Granovit,Granovit,,,,,,,,,Granovit,,,N
*Customers / Projects,*Customers / Projects,ERPS_HAMILTON,,,,,,,,,,ERPS_HAMILTON,,,N
*Customers / Projects,*Customers / Projects,ERPS_HAMILTON,Hamilton,,,,,,,,,Hamilton,,,N
*Customers / Projects,*Customers / Projects,ERPS_Hitachi,,,,,,,,,,ERPS_Hitachi,,,N
*Customers / Projects,*Customers / Projects,ERPS_Hitachi,Hitachi,,,,,,,,,Hitachi,,,N
*Customers / Projects,*Customers / Projects,ERPS_IWB,,,,,,,,,,ERPS_IWB,,,N
*Customers / Projects,*Customers / Projects,ERPS_IWB,IWB,,,,,,,,,IWB,,,N
*Customers / Projects,*Customers / Projects,ERPS_KSB,,,,,,,,,,ERPS_KSB,,,N
*Customers / Projects,*Customers / Projects,ERPS_KSB,KSB,,,,,,,,,KSB,,,N
*Customers / Projects,*Customers / Projects,ERPS_LOOMIS,,,,,,,,,,ERPS_LOOMIS,,,N
*Customers / Projects,*Customers / Projects,ERPS_LOOMIS,Loomis,,,,,,,,,Loomis,,,N
*Customers / Projects,*Customers / Projects,ERPS_MCOPTIK,,,,,,,,,,ERPS_MCOPTIK,,,N
*Customers / Projects,*Customers / Projects,ERPS_MCOPTIK,McOptik,,,,,,,,,McOptik,,,N
*Customers / Projects,*Customers / Projects,ERPS_MEDARTIS,,,,,,,,,,ERPS_MEDARTIS,,,N
*Customers / Projects,*Customers / Projects,ERPS_MEDARTIS,Medartis,,,,,,,,,Medartis,,,N
*Customers / Projects,*Customers / Projects,ERPS_MILCHPRODUZENT_MITTELLAND,,,,,,,,,,ERPS_MILCHPRODUZENT_MITTELLAND,,,N
*Customers / Projects,*Customers / Projects,ERPS_MILCHPRODUZENT_MITTELLAND,Milchproduzent Mittelland,,,,,,,,,Milchproduzent Mittelland,,,N
*Customers / Projects,*Customers / Projects,ERPS_MITEL,,,,,,,,,,ERPS_MITEL,,,N
*Customers / Projects,*Customers / Projects,ERPS_MITEL,Mitel,,,,,,,,,Mitel,,,N
*Customers / Projects,*Customers / Projects,ERPS_MSD,,,,,,,,,,ERPS_MSD,,,N
*Customers / Projects,*Customers / Projects,ERPS_MSD,MSD,,,,,,,,,MSD,,,N
*Customers / Projects,*Customers / Projects,ERPS_ORGANON,,,,,,,,,,ERPS_ORGANON,,,N
*Customers / Projects,*Customers / Projects,ERPS_ORGANON,Organon,,,,,,,,,Organon,,,N
*Customers / Projects,*Customers / Projects,ERPS_ORO_VIVO,,,,,,,,,,ERPS_ORO_VIVO,,,N
*Customers / Projects,*Customers / Projects,ERPS_ORO_VIVO,Oro Vivo,,,,,,,,,Oro Vivo,,,N
*Customers / Projects,*Customers / Projects,ERPS_PALISIS,,,,,,,,,,ERPS_PALISIS,,,N
*Customers / Projects,*Customers / Projects,ERPS_PALISIS,Palisis,,,,,,,,,Palisis,,,N
*Customers / Projects,*Customers / Projects,ERPS_PBL,,,,,,,,,,ERPS_PBL,,,N
*Customers / Projects,*Customers / Projects,ERPS_PBL,Psychiatrie Baselland,,,,,,,,,Psychiatrie Baselland,,,N
*Customers / Projects,*Customers / Projects,ERPS_PK_AETAS,,,,,,,,,,ERPS_PK_AETAS,,,N
*Customers / Projects,*Customers / Projects,ERPS_PK_AETAS,PK Aetas,,,,,,,,,PK Aetas,,,N
*Customers / Projects,*Customers / Projects,ERPS_PSI_CRO,,,,,,,,,,ERPS_PSI_CRO,,,N
*Customers / Projects,*Customers / Projects,ERPS_PSI_CRO,PSI CRO,,,,,,,,,PSI CRO,,,N
*Customers / Projects,*Customers / Projects,ERPS_REGA,,,,,,,,,,ERPS_REGA,,,N
*Customers / Projects,*Customers / Projects,ERPS_REGA,REGA,,,,,,,,,REGA,,,N
*Customers / Projects,*Customers / Projects,ERPS_REISHAUER,,,,,,,,,,ERPS_REISHAUER,,,N
*Customers / Projects,*Customers / Projects,ERPS_REISHAUER,Reisenhauer,,,,,,,,,Reisenhauer,,,N
*Customers / Projects,*Customers / Projects,ERPS_RÜSCHLIKON,,,,,,,,,,ERPS_RÜSCHLIKON,,,N
*Customers / Projects,*Customers / Projects,ERPS_RÜSCHLIKON,Gemeinde Rüschlikon,,,,,,,,,Gemeinde Rüschlikon,,,N
*Customers / Projects,*Customers / Projects,ERPS_Sanofi,,,,,,,,,,ERPS_Sanofi,,,N
*Customers / Projects,*Customers / Projects,ERPS_Sanofi,Sanofi,,,,,,,,,Sanofi,,,N
*Customers / Projects,*Customers / Projects,ERPS_SEE,,,,,,,,,,ERPS_SEE,,,N
*Customers / Projects,*Customers / Projects,ERPS_SEE,SEE,,,,,,,,,SEE,,,N
*Customers / Projects,*Customers / Projects,ERPS_SMAHRT,,,,,,,,,,ERPS_SMAHRT,,,N
*Customers / Projects,*Customers / Projects,ERPS_SMAHRT,Smahrt,,,,,,,,,Smahrt,,,N
*Customers / Projects,*Customers / Projects,ERPS_SPITAL_THURGAU,,,,,,,,,,ERPS_SPITAL_THURGAU,,,N
*Customers / Projects,*Customers / Projects,ERPS_SPITAL_THURGAU,Spital Thurgau,,,,,,,,,Spital Thurgau,,,N
*Customers / Projects,*Customers / Projects,ERPS_STARBUCKS,,,,,,,,,,ERPS_STARBUCKS,,,N
*Customers / Projects,*Customers / Projects,ERPS_STARBUCKS,Starbucks,,,,,,,,,Starbucks,,,N
*Customers / Projects,*Customers / Projects,ERPS_TEMPOBRAIN,,,,,,,,,,ERPS_TEMPOBRAIN,,,N
*Customers / Projects,*Customers / Projects,ERPS_TEMPOBRAIN,Tempobrain,,,,,,,,,Tempobrain,,,N
*Customers / Projects,*Customers / Projects,ERPS_THOMAS_SCHNEIDER,,,,,,,,,,ERPS_THOMAS_SCHNEIDER,,,N
*Customers / Projects,*Customers / Projects,ERPS_THOMAS_SCHNEIDER,Thomas Schneider Treuhand,,,,,,,,,Thomas Schneider Treuhand,,,N
*Customers / Projects,*Customers / Projects,ERPS_WÖFLIHUUS,,,,,,,,,,ERPS_WÖFLIHUUS,,,N
*Customers / Projects,*Customers / Projects,ERPS_WÖFLIHUUS,Wöflihuus,,,,,,,,,Wöflihuus,,,N
*Customers / Projects,*Customers / Projects,ERPS_WOOD_GROUP_HIT,,,,,,,,,,ERPS_WOOD_GROUP_HIT,,,N
*Customers / Projects,*Customers / Projects,ERPS_WOOD_GROUP_HIT,Wood Group HIT,,,,,,,,,Wood Group HIT,,,N
*Customers / Projects,*Customers / Projects,ERPS_ZEPPELIN,,,,,,,,,,ERPS_ZEPPELIN,,,N
*Customers / Projects,*Customers / Projects,ERPS_ZEPPELIN,Zeppelin,,,,,,,,,Zeppelin,,,N
*Customers / Projects,*Customers / Projects,ERPSourcing,,,,,,,,,,ERPSourcing,,,N
*Customers / Projects,*Customers / Projects,ERPSourcing,ERPSourcing,,,,,,,,,ERPSourcing,,,N
*Customers / Projects,*Customers / Projects,EWB,,,,,,,,,,EWB,,,N
*Customers / Projects,*Customers / Projects,EWB,Mitarbeiterdossier,,,,,,,,,Mitarbeiterdossier,,,N
*Customers / Projects,*Customers / Projects,EWB,Support,,,,,,,,,Support,,,N
*Customers / Projects,*Customers / Projects,Gebauer_Griller,,,,,,,,,,Gebauer_Griller,,,N
*Customers / Projects,*Customers / Projects,Gebauer_Griller,2370178,,,,,,,,,2370178,,,N
*Customers / Projects,*Customers / Projects,GENERIC,,,,,,,,,,GENERIC,,,N
*Customers / Projects,*Customers / Projects,GETZNER_TEXTIL,,,,,,,,,,GETZNER_TEXTIL,,,N
*Customers / Projects,*Customers / Projects,GETZNER_TEXTIL,45246211 lfd. Support GTAG,,,,,,,,,45246211 lfd. Support GTAG,,,N
*Customers / Projects,*Customers / Projects,GETZNER_TEXTIL,45246212 lfd. Support Gera,,,,,,,,,45246212 lfd. Support Gera,,,N
*Customers / Projects,*Customers / Projects,GETZNER_TEXTIL,45246214 lfd. Support HKM,,,,,,,,,45246214 lfd. Support HKM,,,N
*Customers / Projects,*Customers / Projects,GETZNER_TEXTIL,45246215 lfd. Support WR,,,,,,,,,45246215 lfd. Support WR,,,N
*Customers / Projects,*Customers / Projects,GETZNER_TEXTIL,6000797 Corona Kurzarbeit AT,,,,,,,,,6000797 Corona Kurzarbeit AT,,,N
*Customers / Projects,*Customers / Projects,GETZNER_TEXTIL,6000905 Jahreswechsel 2022,,,,,,,,,6000905 Jahreswechsel 2022,,,N
*Customers / Projects,*Customers / Projects,GETZNER_W_HOLDING,,,,,,,,,,GETZNER_W_HOLDING,,,Y
*Customers / Projects,*Customers / Projects,GETZNER_WERKSTOFFE,,,,,,,,,,GETZNER_WERKSTOFFE,,,N
*Customers / Projects,*Customers / Projects,GETZNER_WERKSTOFFE,Support SF Employee Central,,,,,,,,,Support SF Employee Central,,,N
*Customers / Projects,*Customers / Projects,GETZNER_WERKSTOFFE,Support SF Learning,,,,,,,,,Support SF Learning,,,N
*Customers / Projects,*Customers / Projects,GIA_AEN,,,,,,,,,,GIA_AEN,,,N
*Customers / Projects,*Customers / Projects,GIA_AEN,Diverse,,,,,,,,,Diverse,,,N
*Customers / Projects,*Customers / Projects,GIA_AFAG,,,,,,,,,,GIA_AFAG,,,N
*Customers / Projects,*Customers / Projects,GIA_AFAG,Diverse,,,,,,,,,Diverse,,,N
*Customers / Projects,*Customers / Projects,GIA_AGATHON,,,,,,,,,,GIA_AGATHON,,,N
*Customers / Projects,*Customers / Projects,GIA_AGATHON,Diverse,,,,,,,,,Diverse,,,N
*Customers / Projects,*Customers / Projects,GIA_BUAG,,,,,,,,,,GIA_BUAG,,,N
*Customers / Projects,*Customers / Projects,GIA_BUAG,Diverse,,,,,,,,,Diverse,,,N
*Customers / Projects,*Customers / Projects,GIA_CONCORDIA,,,,,,,,,,GIA_CONCORDIA,,,N
*Customers / Projects,*Customers / Projects,GIA_CONCORDIA,Diverse,,,,,,,,,Diverse,,,N
*Customers / Projects,*Customers / Projects,GIA_CRYPTO,,,,,,,,,,GIA_CRYPTO,,,N
*Customers / Projects,*Customers / Projects,GIA_CRYPTO,Diverse,,,,,,,,,Diverse,,,N
*Customers / Projects,*Customers / Projects,GIA_GIA,,,,,,,,,,GIA_GIA,,,N
*Customers / Projects,*Customers / Projects,GIA_GIA,Projektmanagement,,,,,,,,,Projektmanagement,,,N
*Customers / Projects,*Customers / Projects,GIA_GIA,Support,,,,,,,,,Support,,,N
*Customers / Projects,*Customers / Projects,GIA_GIS,,,,,,,,,,GIA_GIS,,,N
*Customers / Projects,*Customers / Projects,GIA_GIS,Diverse,,,,,,,,,Diverse,,,N
*Customers / Projects,*Customers / Projects,GIA_INTEGRA,,,,,,,,,,GIA_INTEGRA,,,N
*Customers / Projects,*Customers / Projects,GIA_INTEGRA,Diverse,,,,,,,,,Diverse,,,N
*Customers / Projects,*Customers / Projects,GIA_LINDE,,,,,,,,,,GIA_LINDE,,,N
*Customers / Projects,*Customers / Projects,GIA_LINDE,Diverse,,,,,,,,,Diverse,,,N
*Customers / Projects,*Customers / Projects,GIA_MERKURDRUCK,,,,,,,,,,GIA_MERKURDRUCK,,,N
*Customers / Projects,*Customers / Projects,GIA_MERKURDRUCK,Diverse,,,,,,,,,Diverse,,,N
*Customers / Projects,*Customers / Projects,GIA_MM,,,,,,,,,,GIA_MM,,,N
*Customers / Projects,*Customers / Projects,GIA_MM,Diverse,,,,,,,,,Diverse,,,N
*Customers / Projects,*Customers / Projects,GIA_MM,Support CH,,,,,,,,,Support CH,,,N
*Customers / Projects,*Customers / Projects,GIA_MM,Support DE,,,,,,,,,Support DE,,,N
*Customers / Projects,*Customers / Projects,GIA_RIETER,,,,,,,,,,GIA_RIETER,,,N
*Customers / Projects,*Customers / Projects,GIA_RIETER,FIORI Workshop,,,,,,,,,FIORI Workshop,,,N
*Customers / Projects,*Customers / Projects,GIA_ROHRBOGEN,,,,,,,,,,GIA_ROHRBOGEN,,,N
*Customers / Projects,*Customers / Projects,GIA_ROHRBOGEN,Diverse,,,,,,,,,Diverse,,,N
*Customers / Projects,*Customers / Projects,GIA_SAUBER,,,,,,,,,,GIA_SAUBER,,,N
*Customers / Projects,*Customers / Projects,GIA_SAUBER,Diverse,,,,,,,,,Diverse,,,N
*Customers / Projects,*Customers / Projects,GIA_SCHNEEBERGER,,,,,,,,,,GIA_SCHNEEBERGER,,,N
*Customers / Projects,*Customers / Projects,GIA_SCHNEEBERGER,Diverse,,,,,,,,,Diverse,,,N
*Customers / Projects,*Customers / Projects,GIA_SECURITON,,,,,,,,,,GIA_SECURITON,,,N
*Customers / Projects,*Customers / Projects,GIA_SECURITON,Diverse,,,,,,,,,Diverse,,,N
*Customers / Projects,*Customers / Projects,GIA_SKAN,,,,,,,,,,GIA_SKAN,,,N
*Customers / Projects,*Customers / Projects,GIA_SKAN,Diverse,,,,,,,,,Diverse,,,N
*Customers / Projects,*Customers / Projects,GIA_SOH,,,,,,,,,,GIA_SOH,,,N
*Customers / Projects,*Customers / Projects,GIA_SOH,Diverse,,,,,,,,,Diverse,,,N
*Customers / Projects,*Customers / Projects,GIA_SOH,ESS/MSS Support,,,,,,,,,ESS/MSS Support,,,N
*Customers / Projects,*Customers / Projects,GIA_ZAUGG,,,,,,,,,,GIA_ZAUGG,,,N
*Customers / Projects,*Customers / Projects,GIA_ZAUGG,Diverse,,,,,,,,,Diverse,,,N
*Customers / Projects,*Customers / Projects,GRUENENFELDER,,,,,,,,,,GRUENENFELDER,,,N
*Customers / Projects,*Customers / Projects,GRUENENFELDER,Programmierungen SAP HCM CH,,,,,,,,,Programmierungen SAP HCM CH,,,N
*Customers / Projects,*Customers / Projects,GRUENENFELDER,Support SAP Payroll CH,,,,,,,,,Support SAP Payroll CH,,,N
*Customers / Projects,*Customers / Projects,HCM_ADVICE,,,,,,,,,,HCM_ADVICE,,,N
*Customers / Projects,*Customers / Projects,HCM_ADVICE,Business Development,,,,,,,,,Business Development,,,N
*Customers / Projects,*Customers / Projects,HCM_ADVICE,Office Munich Setup,,,,,,,,,Office Munich Setup,,,N
*Customers / Projects,*Customers / Projects,HCM_ADVICE,Other,,,,,,,,,Other,,,N
*Customers / Projects,*Customers / Projects,HCM_ADVICE,Own Training,,,,,,,,,Own Training,,,N
*Customers / Projects,*Customers / Projects,HCM_ADVICE,P: CN-Administration,,,,,,,,,P: CN-Administration,,,N
*Customers / Projects,*Customers / Projects,HCM_ADVICE,P: Concur-Implementation,,,,,,,,,P: Concur-Implementation,,,N
*Customers / Projects,*Customers / Projects,HCM_ADVICE,P: Controlling & Finance Managem,,,,,,,,,P: Controlling & Finance Management,,,N
*Customers / Projects,*Customers / Projects,HCM_ADVICE,P: defined Recruiting Project,,,,,,,,,P: defined Recruiting Project,,,N
*Customers / Projects,*Customers / Projects,HCM_ADVICE,P: Defined Teaching projects,,,,,,,,,P: Defined Teaching projects,,,N
*Customers / Projects,*Customers / Projects,HCM_ADVICE,P: Development Time-Recording,,,,,,,,,P: Development Time-Recording,,,N
*Customers / Projects,*Customers / Projects,HCM_ADVICE,P: DSGVO Massnahmen  ,,,,,,,,,P: DSGVO Massnahmen  ,,,N
*Customers / Projects,*Customers / Projects,HCM_ADVICE,P: Exchange Skype etc.,,,,,,,,,P: Exchange Skype etc.,,,N
*Customers / Projects,*Customers / Projects,HCM_ADVICE,P: Fundamental Demo System Setup,,,,,,,,,P: Fundamental Demo System Setup/Support,,,N
*Customers / Projects,*Customers / Projects,HCM_ADVICE,P: HCM Homepage,,,,,,,,,P: HCM Homepage,,,N
*Customers / Projects,*Customers / Projects,HCM_ADVICE,P: Learning RDS,,,,,,,,,P: Learning RDS,,,N
*Customers / Projects,*Customers / Projects,HCM_ADVICE,P: Legal Change News Letter Proj,,,,,,,,,P: Legal Change News Letter Project,,,N
*Customers / Projects,*Customers / Projects,HCM_ADVICE,P: Office-Technics,,,,,,,,,P: Office-Technics,,,N
*Customers / Projects,*Customers / Projects,HCM_ADVICE,P: Project Management @ ADVICE,,,,,,,,,P: Project Management @ ADVICE,,,N
*Customers / Projects,*Customers / Projects,HCM_ADVICE,P: SF App Simplerix,,,,,,,,,P: SF App Simplerix,,,N
*Customers / Projects,*Customers / Projects,HCM_ADVICE,P: SF-Implementation,,,,,,,,,P: SF-Implementation,,,N
*Customers / Projects,*Customers / Projects,HCM_ADVICE,P: Social Media Influencer*in,,,,,,,,,P: Social Media Influencer*in,,,N
*Customers / Projects,*Customers / Projects,HCM_ADVICE,PRESALES,,,,,,,,,PRESALES,,,N
*Customers / Projects,*Customers / Projects,HCM_ADVICE,SALES,,,,,,,,,SALES,,,N
*Customers / Projects,*Customers / Projects,HCM_ADVICE_AG,,,,,,,,,,HCM_ADVICE_AG,,,N
*Customers / Projects,*Customers / Projects,HCM_ADVICE_AG,Dummy,,,,,,,,,Dummy,,,N
*Customers / Projects,*Customers / Projects,HCM_ADVICE_DEV,,,,,,,,,,HCM_ADVICE_DEV,,,N
*Customers / Projects,*Customers / Projects,HCM_ADVICE_DEV,0010 DevTeam Build-Up,,,,,,,,,0010 DevTeam Build-Up,,,N
*Customers / Projects,*Customers / Projects,HCM_ADVICE_DEV,ONBOARDING Release 1.0,,,,,,,,,ONBOARDING Release 1.0,,,N
*Customers / Projects,*Customers / Projects,HCM_ADVICE_DEV,QUICKAPPLY Release 1.0,,,,,,,,,QUICKAPPLY Release 1.0,,,N
*Customers / Projects,*Customers / Projects,HCM_ADVICE_DEV,SIMPLERIX Maintenance,,,,,,,,,SIMPLERIX Maintenance,,,N
*Customers / Projects,*Customers / Projects,HCM_ADVICE_DEV,SIMPLERIX Release 2.0,,,,,,,,,SIMPLERIX Release 2.0,,,N
*Customers / Projects,*Customers / Projects,HES-SO,,,,,,,,,,HES-SO,,,N
*Customers / Projects,*Customers / Projects,HES-SO,SAP HR Support,,,,,,,,,SAP HR Support,,,N
*Customers / Projects,*Customers / Projects,HES-SO,SwissDec-Schnittstelle,,,,,,,,,SwissDec-Schnittstelle,,,N
*Customers / Projects,*Customers / Projects,HES-SO,Travel Management,,,,,,,,,Travel Management,,,N
*Customers / Projects,*Customers / Projects,HES-SO,Wiederherstellung alter Systemko,,,,,,,,,Wiederherstellung alter Systemkostenabrechnungen,,,N
*Customers / Projects,*Customers / Projects,HIRSCHMANN,,,,,,,,,,HIRSCHMANN,,,N
*Customers / Projects,*Customers / Projects,HIRSCHMANN,4900036306 Support HCM 2022/04,,,,,,,,,4900036306 Support HCM 2022/04,,,N
*Customers / Projects,*Customers / Projects,HOVAL,,,,,,,,,,HOVAL,,,N
*Customers / Projects,*Customers / Projects,HOVAL,Diverse,,,,,,,,,Diverse,,,N
*Customers / Projects,*Customers / Projects,HOVAL,Rollout-Fiori-HoCH,,,,,,,,,Rollout-Fiori-HoCH,,,N
*Customers / Projects,*Customers / Projects,HOVAL,SuccessFactors Support,,,,,,,,,SuccessFactors Support,,,N
*Customers / Projects,*Customers / Projects,HOVAL,Support-HoCH,,,,,,,,,Support-HoCH,,,N
*Customers / Projects,*Customers / Projects,HOVAL,Support-HoLI,,,,,,,,,Support-HoLI,,,N
*Customers / Projects,*Customers / Projects,HOVAL,Support-HoSE,,,,,,,,,Support-HoSE,,,N
*Customers / Projects,*Customers / Projects,HOVAL,Support-HoSro,,,,,,,,,Support-HoSro,,,N
*Customers / Projects,*Customers / Projects,HOVAL,Support-HoUK,,,,,,,,,Support-HoUK,,,N
*Customers / Projects,*Customers / Projects,HOVAL,Support-IT,,,,,,,,,Support-IT,,,N
*Customers / Projects,*Customers / Projects,ICON_S.OLIVER,,,,,,,,,,ICON_S.OLIVER,,,N
*Customers / Projects,*Customers / Projects,ICON_S.OLIVER,SAP HCM PY Implementierung,,,,,,,,,SAP HCM PY Implementierung,,,N
*Customers / Projects,*Customers / Projects,ICON_S.OLIVER,Support AT,,,,,,,,,Support AT,,,N
*Customers / Projects,*Customers / Projects,INEOR,,,,,,,,,,INEOR,,,N
*Customers / Projects,*Customers / Projects,INEOR,SAP SF Consulting,,,,,,,,,SAP SF Consulting,,,N
*Customers / Projects,*Customers / Projects,INEOR,SF Provisioning Setup,,,,,,,,,SF Provisioning Setup,,,N
*Customers / Projects,*Customers / Projects,KISTLER,,,,,,,,,,KISTLER,,,N
*Customers / Projects,*Customers / Projects,KISTLER,Project Digital AFHNS,,,,,,,,,Project Digital AFHNS,,,N
*Customers / Projects,*Customers / Projects,KISTLER,SuccessFactors Support,,,,,,,,,SuccessFactors Support,,,N
*Customers / Projects,*Customers / Projects,KISTLER,Support Traveltime,,,,,,,,,Support Traveltime,,,N
*Customers / Projects,*Customers / Projects,KOMMUNALKREDIT,,,,,,,,,,KOMMUNALKREDIT,,,N
*Customers / Projects,*Customers / Projects,KOMMUNALKREDIT,Foundation & Integration,,,,,,,,,Foundation & Integration,,,N
*Customers / Projects,*Customers / Projects,KOMMUNALKREDIT,Gutschrift,,,,,,,,,Gutschrift,,,N
*Customers / Projects,*Customers / Projects,KOMMUNALKREDIT,Performance & Goals,,,,,,,,,Performance & Goals,,,N
*Customers / Projects,*Customers / Projects,KOMMUNALKREDIT,Projektmanagement,,,,,,,,,Projektmanagement,,,N
*Customers / Projects,*Customers / Projects,KOMMUNALKREDIT,Recruiting,,,,,,,,,Recruiting,,,N
*Customers / Projects,*Customers / Projects,KOMMUNALKREDIT,Support P&G,,,,,,,,,Support P&G,,,N
*Customers / Projects,*Customers / Projects,KTM,,,,,,,,,,KTM,,,N
*Customers / Projects,*Customers / Projects,LEITNER,,,,,,,,,,LEITNER,,,N
*Customers / Projects,*Customers / Projects,LEITNER,Support,,,,,,,,,Support,,,N
*Customers / Projects,*Customers / Projects,LEITNERLEITNER,,,,,,,,,,LEITNERLEITNER,,,N
*Customers / Projects,*Customers / Projects,LEITNERLEITNER,Diverse,,,,,,,,,Diverse,,,N
*Customers / Projects,*Customers / Projects,LENZE_AUSTRIA,,,,,,,,,,LENZE_AUSTRIA,,,N
*Customers / Projects,*Customers / Projects,LENZE_AUSTRIA,Zeitwirtschaft Implementierung,,,,,,,,,Zeitwirtschaft Implementierung,,,N
*Customers / Projects,*Customers / Projects,LOEB_AG,,,,,,,,,,LOEB_AG,,,N
*Customers / Projects,*Customers / Projects,LOEB_AG,Einführung ELM 4.0,,,,,,,,,Einführung ELM 4.0,,,N
*Customers / Projects,*Customers / Projects,LOEB_AG,SAP HCM Support,,,,,,,,,SAP HCM Support,,,N
*Customers / Projects,*Customers / Projects,MACO,,,,,,,,,,MACO,,,N
*Customers / Projects,*Customers / Projects,MACO,Diverse,,,,,,,,,Diverse,,,N
*Customers / Projects,*Customers / Projects,MAG._MICHAEL_BERTHOLD,,,,,,,,,,MAG._MICHAEL_BERTHOLD,,,N
*Customers / Projects,*Customers / Projects,MEYER_BURGER,,,,,,,,,,MEYER_BURGER,,,N
*Customers / Projects,*Customers / Projects,MEYER_BURGER,FIORI Support,,,,,,,,,FIORI Support,,,N
*Customers / Projects,*Customers / Projects,MEYER_BURGER,HCM Support,,,,,,,,,HCM Support,,,N
*Customers / Projects,*Customers / Projects,MEYER_BURGER,HR Asia,,,,,,,,,HR Asia,,,N
*Customers / Projects,*Customers / Projects,MEYER_BURGER,HR CH,,,,,,,,,HR CH,,,N
*Customers / Projects,*Customers / Projects,MEYER_BURGER,HR DE,,,,,,,,,HR DE,,,N
*Customers / Projects,*Customers / Projects,MEYER_BURGER,HR Global,,,,,,,,,HR Global,,,N
*Customers / Projects,*Customers / Projects,MIBA,,,,,,,,,,MIBA,,,N
*Customers / Projects,*Customers / Projects,MIBA,CN Support,,,,,,,,,CN Support,,,N
*Customers / Projects,*Customers / Projects,MIBA,SF General Support,,,,,,,,,SF General Support,,,N
*Customers / Projects,*Customers / Projects,MOURI_TECH,,,,,,,,,,MOURI_TECH,,,N
*Customers / Projects,*Customers / Projects,ÖBB_INFRA,,,,,,,,,,ÖBB_INFRA,,,N
*Customers / Projects,*Customers / Projects,ÖBB_INFRA,Analyse Personalplanung,,,,,,,,,Analyse Personalplanung,,,N
*Customers / Projects,*Customers / Projects,OE_LOTTERIEN,,,,,,,,,,OE_LOTTERIEN,,,N
*Customers / Projects,*Customers / Projects,OE_LOTTERIEN,SAP HCM Consulting 06/2022,,,,,,,,,SAP HCM Consulting 06/2022,,,N
*Customers / Projects,*Customers / Projects,ORSAY,,,,,,,,,,ORSAY,,,N
*Customers / Projects,*Customers / Projects,ORSAY,AT_Remote,,,,,,,,,AT_Remote,,,N
*Customers / Projects,*Customers / Projects,ORSAY,CH_Remote,,,,,,,,,CH_Remote,,,N
*Customers / Projects,*Customers / Projects,ORSAY,DE_Remote,,,,,,,,,DE_Remote,,,N
*Customers / Projects,*Customers / Projects,ORSAY,PL_Remote,,,,,,,,,PL_Remote,,,N
*Customers / Projects,*Customers / Projects,OSPELT,,,,,,,,,,OSPELT,,,N
*Customers / Projects,*Customers / Projects,OSPELT,ATG Schnittstelle Vorprojekt,,,,,,,,,ATG Schnittstelle Vorprojekt,,,N
*Customers / Projects,*Customers / Projects,OSPELT,Support Allgemein,,,,,,,,,Support Allgemein,,,N
*Customers / Projects,*Customers / Projects,OSPELT,Support HMT,,,,,,,,,Support HMT,,,N
*Customers / Projects,*Customers / Projects,REFRATECHNIK,,,,,,,,,,REFRATECHNIK,,,N
*Customers / Projects,*Customers / Projects,REFRATECHNIK,EC Implementation,,,,,,,,,EC Implementation,,,N
*Customers / Projects,*Customers / Projects,RENO_HR,,,,,,,,,,RENO_HR,,,N
*Customers / Projects,*Customers / Projects,RENO_HR,Diverse,,,,,,,,,Diverse,,,N
*Customers / Projects,*Customers / Projects,REPOWER,,,,,,,,,,REPOWER,,,N
*Customers / Projects,*Customers / Projects,REPOWER,SAP HR BERATUNG,,,,,,,,,SAP HR BERATUNG,,,N
*Customers / Projects,*Customers / Projects,SAP,,,,,,,,,,SAP,,,N
*Customers / Projects,*Customers / Projects,SAP,Dummy,,,,,,,,,Dummy,,,N
*Customers / Projects,*Customers / Projects,SC_ADUNO,,,,,,,,,,SC_ADUNO,,,N
*Customers / Projects,*Customers / Projects,SC_ADUNO,Diverse,,,,,,,,,Diverse,,,N
*Customers / Projects,*Customers / Projects,SC_ALBIRO,,,,,,,,,,SC_ALBIRO,,,N
*Customers / Projects,*Customers / Projects,SC_ALBIRO,Diverse,,,,,,,,,Diverse,,,N
*Customers / Projects,*Customers / Projects,SC_ALBIRO,SAP HCM Support,,,,,,,,,SAP HCM Support,,,N
*Customers / Projects,*Customers / Projects,SC_BELL_CH,,,,,,,,,,SC_BELL_CH,,,N
*Customers / Projects,*Customers / Projects,SC_BELL_CH,Diverse,,,,,,,,,Diverse,,,N
*Customers / Projects,*Customers / Projects,SC_DHL,,,,,,,,,,SC_DHL,,,N
*Customers / Projects,*Customers / Projects,SC_DHL,AMS,,,,,,,,,AMS,,,N
*Customers / Projects,*Customers / Projects,SC_DHL,AMS BODET,,,,,,,,,AMS BODET,,,N
*Customers / Projects,*Customers / Projects,SC_DHL,AMS PEKA,,,,,,,,,AMS PEKA,,,N
*Customers / Projects,*Customers / Projects,SC_DNATA,,,,,,,,,,SC_DNATA,,,N
*Customers / Projects,*Customers / Projects,SC_DNATA,Diverse,,,,,,,,,Diverse,,,N
*Customers / Projects,*Customers / Projects,SC_EGOKIEFER,,,,,,,,,,SC_EGOKIEFER,,,N
*Customers / Projects,*Customers / Projects,SC_EGOKIEFER,Diverse,,,,,,,,,Diverse,,,N
*Customers / Projects,*Customers / Projects,SC_EWZ,,,,,,,,,,SC_EWZ,,,N
*Customers / Projects,*Customers / Projects,SC_EWZ,Diverse,,,,,,,,,Diverse,,,N
*Customers / Projects,*Customers / Projects,SC_GEISTLICH,,,,,,,,,,SC_GEISTLICH,,,N
*Customers / Projects,*Customers / Projects,SC_GEISTLICH,Diverse,,,,,,,,,Diverse,,,N
*Customers / Projects,*Customers / Projects,SC_GRUENENFELDER,,,,,,,,,,SC_GRUENENFELDER,,,N
*Customers / Projects,*Customers / Projects,SC_GRUENENFELDER,Diverse,,,,,,,,,Diverse,,,N
*Customers / Projects,*Customers / Projects,SC_HASLERKUSTER,,,,,,,,,,SC_HASLERKUSTER,,,N
*Customers / Projects,*Customers / Projects,SC_HASLERKUSTER,Diverse,,,,,,,,,Diverse,,,N
*Customers / Projects,*Customers / Projects,SC_HEXAGON,,,,,,,,,,SC_HEXAGON,,,N
*Customers / Projects,*Customers / Projects,SC_HEXAGON,Support,,,,,,,,,Support,,,N
*Customers / Projects,*Customers / Projects,SC_HOVAL,,,,,,,,,,SC_HOVAL,,,N
*Customers / Projects,*Customers / Projects,SC_HOVAL,Diverse,,,,,,,,,Diverse,,,N
*Customers / Projects,*Customers / Projects,SC_KOPTER,,,,,,,,,,SC_KOPTER,,,N
*Customers / Projects,*Customers / Projects,SC_KOPTER,Diverse,,,,,,,,,Diverse,,,N
*Customers / Projects,*Customers / Projects,SC_LEGACY,,,,,,,,,,SC_LEGACY,,,N
*Customers / Projects,*Customers / Projects,SC_LEGACY,Entwicklung der PM Checklisten L,,,,,,,,,Entwicklung der PM Checklisten Lösung für Endkunde,,,N
*Customers / Projects,*Customers / Projects,SC_LOEB,,,,,,,,,,SC_LOEB,,,Y
*Customers / Projects,*Customers / Projects,SC_LOSINGERMARAZZI,,,,,,,,,,SC_LOSINGERMARAZZI,,,N
*Customers / Projects,*Customers / Projects,SC_LOSINGERMARAZZI,Diverse,,,,,,,,,Diverse,,,N
*Customers / Projects,*Customers / Projects,SC_OSPELT,,,,,,,,,,SC_OSPELT,,,Y
*Customers / Projects,*Customers / Projects,SC_OSPELT,Diverse,,,,,,,,,Diverse,,,N
*Customers / Projects,*Customers / Projects,SC_REPOWER,,,,,,,,,,SC_REPOWER,,,Y
*Customers / Projects,*Customers / Projects,SC_REPOWER,Diverse,,,,,,,,,Diverse,,,N
*Customers / Projects,*Customers / Projects,SC_SAK,,,,,,,,,,SC_SAK,,,N
*Customers / Projects,*Customers / Projects,SC_SAK,Diverse,,,,,,,,,Diverse,,,N
*Customers / Projects,*Customers / Projects,SC_STEELTEC,,,,,,,,,,SC_STEELTEC,,,N
*Customers / Projects,*Customers / Projects,SC_STEELTEC,HCM Voranalyse,,,,,,,,,HCM Voranalyse,,,N
*Customers / Projects,*Customers / Projects,SC_STEINER,,,,,,,,,,SC_STEINER,,,N
*Customers / Projects,*Customers / Projects,SC_STEINER,Projektmanagement,,,,,,,,,Projektmanagement,,,N
*Customers / Projects,*Customers / Projects,SC_STEINER,SAP HCM Fiori,,,,,,,,,SAP HCM Fiori,,,N
*Customers / Projects,*Customers / Projects,SC_STEINER,SAP HCM OM Schulung,,,,,,,,,SAP HCM OM Schulung,,,N
*Customers / Projects,*Customers / Projects,SC_STEINER,SAP HCM PT,,,,,,,,,SAP HCM PT,,,N
*Customers / Projects,*Customers / Projects,SC_SWISSCOM,,,,,,,,,,SC_SWISSCOM,,,N
*Customers / Projects,*Customers / Projects,SC_SWISSCOM,Aufbau eines Demo-Systems für de,,,,,,,,,Aufbau eines Demo-Systems für den EVU-Bereich,,,N
*Customers / Projects,*Customers / Projects,SC_SWISSCOM,Diverse,,,,,,,,,Diverse,,,N
*Customers / Projects,*Customers / Projects,SC_WARTMANN,,,,,,,,,,SC_WARTMANN,,,N
*Customers / Projects,*Customers / Projects,SC_WARTMANN,Diverse,,,,,,,,,Diverse,,,N
*Customers / Projects,*Customers / Projects,SC_WWZ,,,,,,,,,,SC_WWZ,,,N
*Customers / Projects,*Customers / Projects,SC_WWZ,Diverse,,,,,,,,,Diverse,,,N
*Customers / Projects,*Customers / Projects,SDW_NOVARTIS,,,,,,,,,,SDW_NOVARTIS,,,N
*Customers / Projects,*Customers / Projects,SDW_NOVARTIS,T&A Support August,,,,,,,,,T&A Support August,,,N
*Customers / Projects,*Customers / Projects,SDW_NOVARTIS,T&A Support Juli,,,,,,,,,T&A Support Juli,,,N
*Customers / Projects,*Customers / Projects,SDW_NOVARTIS,T&A Support Juni,,,,,,,,,T&A Support Juni,,,N
*Customers / Projects,*Customers / Projects,SET_HEVS,,,,,,,,,,SET_HEVS,,,Y
*Customers / Projects,*Customers / Projects,SFOUR_HOFFMANN_NEOPAC,,,,,,,,,,SFOUR_HOFFMANN_NEOPAC,,,N
*Customers / Projects,*Customers / Projects,SFOUR_HOFFMANN_NEOPAC,Carve-Out,,,,,,,,,Carve-Out,,,N
*Customers / Projects,*Customers / Projects,SFOUR_HOFFMANN_NEOPAC,Support,,,,,,,,,Support,,,N
*Customers / Projects,*Customers / Projects,SFOUR_KERN,,,,,,,,,,SFOUR_KERN,,,N
*Customers / Projects,*Customers / Projects,SFOUR_KERN,Support,,,,,,,,,Support,,,N
*Customers / Projects,*Customers / Projects,SIGNA,,,,,,,,,,SIGNA,,,N
*Customers / Projects,*Customers / Projects,SIGNA,Compensation Impl.,,,,,,,,,Compensation Impl.,,,N
*Customers / Projects,*Customers / Projects,SIGNA,Employee Central Impl.,,,,,,,,,Employee Central Impl.,,,N
*Customers / Projects,*Customers / Projects,SIGNA,Onboarding Impl.,,,,,,,,,Onboarding Impl.,,,N
*Customers / Projects,*Customers / Projects,SIGNA,Payroll Support AT,,,,,,,,,Payroll Support AT,,,N
*Customers / Projects,*Customers / Projects,SIGNA,Payroll Support DE,,,,,,,,,Payroll Support DE,,,N
*Customers / Projects,*Customers / Projects,SIGNA,Projektmanagement,,,,,,,,,Projektmanagement,,,N
*Customers / Projects,*Customers / Projects,SIGNA,Recruiting Implementierung,,,,,,,,,Recruiting Implementierung,,,N
*Customers / Projects,*Customers / Projects,SIGNA,SF Support,,,,,,,,,SF Support,,,N
*Customers / Projects,*Customers / Projects,SOS_KINDERDORF,,,,,,,,,,SOS_KINDERDORF,,,N
*Customers / Projects,*Customers / Projects,SOS_KINDERDORF,SAP HCM Analyse,,,,,,,,,SAP HCM Analyse,,,N
*Customers / Projects,*Customers / Projects,SPINIFEX_IT,,,,,,,,,,SPINIFEX_IT,,,N
*Customers / Projects,*Customers / Projects,STYRIA_MEDIA,,,,,,,,,,STYRIA_MEDIA,,,N
*Customers / Projects,*Customers / Projects,STYRIA_MEDIA,SAP HCM Analyse,,,,,,,,,SAP HCM Analyse,,,N
*Customers / Projects,*Customers / Projects,SULZER,,,,,,,,,,SULZER,,,N
*Customers / Projects,*Customers / Projects,SULZER,Support CH,,,,,,,,,Support CH,,,N
*Customers / Projects,*Customers / Projects,SULZER,Support CN,,,,,,,,,Support CN,,,N
*Customers / Projects,*Customers / Projects,SULZER,Support Global,,,,,,,,,Support Global,,,N
*Customers / Projects,*Customers / Projects,SULZER,Support SG,,,,,,,,,Support SG,,,N
*Customers / Projects,*Customers / Projects,SVGROUP,,,,,,,,,,SVGROUP,,,N
*Customers / Projects,*Customers / Projects,SVGROUP,DATEV Migration SF,,,,,,,,,DATEV Migration SF,,,N
*Customers / Projects,*Customers / Projects,SVGROUP,Gutschrift Learning,,,,,,,,,Gutschrift Learning,,,N
*Customers / Projects,*Customers / Projects,SVGROUP,Gutschrift Onboarding,,,,,,,,,Gutschrift Onboarding,,,N
*Customers / Projects,*Customers / Projects,SVGROUP,Projektmanagement,,,,,,,,,Projektmanagement,,,N
*Customers / Projects,*Customers / Projects,SVGROUP,SF Compensation,,,,,,,,,SF Compensation,,,N
*Customers / Projects,*Customers / Projects,SVGROUP,SF Learning,,,,,,,,,SF Learning,,,N
*Customers / Projects,*Customers / Projects,SVGROUP,SF Onboarding,,,,,,,,,SF Onboarding,,,N
*Customers / Projects,*Customers / Projects,SVGROUP,SF Performance & Goals,,,,,,,,,SF Performance & Goals,,,N
*Customers / Projects,*Customers / Projects,SVGROUP,SF Support Employee Central,,,,,,,,,SF Support Employee Central,,,N
*Customers / Projects,*Customers / Projects,SVGROUP,SF Support Onboarding,,,,,,,,,SF Support Onboarding,,,N
*Customers / Projects,*Customers / Projects,SVGROUP,SF Support Projekt,,,,,,,,,SF Support Projekt,,,N
*Customers / Projects,*Customers / Projects,SVGROUP,SF Support Recruiting,,,,,,,,,SF Support Recruiting,,,N
*Customers / Projects,*Customers / Projects,SVGROUP,SIMPLERIX Custom Enhancements,,,,,,,,,SIMPLERIX Custom Enhancements,,,N
*Customers / Projects,*Customers / Projects,SVGROUP,SIMPLERIX Deployment,,,,,,,,,SIMPLERIX Deployment,,,N
*Customers / Projects,*Customers / Projects,SVGROUP,SIMPLERIX Support,,,,,,,,,SIMPLERIX Support,,,N
*Customers / Projects,*Customers / Projects,SVGROUP_AT,,,,,,,,,,SVGROUP_AT,,,N
*Customers / Projects,*Customers / Projects,SVGROUP_AT,SAP HCM Support,,,,,,,,,SAP HCM Support,,,N
*Customers / Projects,*Customers / Projects,SVGROUP_AT,SF Support Employee Central,,,,,,,,,SF Support Employee Central,,,N
*Customers / Projects,*Customers / Projects,SVGROUP_AT,SF Support Onboarding,,,,,,,,,SF Support Onboarding,,,N
*Customers / Projects,*Customers / Projects,SVGROUP_AT,SF Support Recruiting,,,,,,,,,SF Support Recruiting,,,N
*Customers / Projects,*Customers / Projects,SVGROUP_DE,,,,,,,,,,SVGROUP_DE,,,N
*Customers / Projects,*Customers / Projects,SVGROUP_DE,Ablösung Datev,,,,,,,,,Ablösung Datev,,,N
*Customers / Projects,*Customers / Projects,SVGROUP_DE,SF Support Employee Central,,,,,,,,,SF Support Employee Central,,,N
*Customers / Projects,*Customers / Projects,SVGROUP_DE,SF Support Onboarding,,,,,,,,,SF Support Onboarding,,,N
*Customers / Projects,*Customers / Projects,SVGROUP_DE,SF Support Recruiting,,,,,,,,,SF Support Recruiting,,,N
*Customers / Projects,*Customers / Projects,TEAMWORK_GRENZEBACH,,,,,,,,,,TEAMWORK_GRENZEBACH,,,N
*Customers / Projects,*Customers / Projects,TEAMWORK_GRENZEBACH,Diverse,,,,,,,,,Diverse,,,N
*Customers / Projects,*Customers / Projects,TEAMWORK_GRENZEBACH,Remote,,,,,,,,,Remote,,,N
*Customers / Projects,*Customers / Projects,TEAMWORK_PFALZWERKE,,,,,,,,,,TEAMWORK_PFALZWERKE,,,N
*Customers / Projects,*Customers / Projects,TEAMWORK_PFALZWERKE,Onboarding,,,,,,,,,Onboarding,,,N
*Customers / Projects,*Customers / Projects,TEAMWORK_PFALZWERKE,SF EC,,,,,,,,,SF EC,,,N
*Customers / Projects,*Customers / Projects,TEAMWORK_SPOT_CONSULTING,,,,,,,,,,TEAMWORK_SPOT_CONSULTING,,,N
*Customers / Projects,*Customers / Projects,TEAMWORK_SPOT_CONSULTING,Diverse,,,,,,,,,Diverse,,,N
*Customers / Projects,*Customers / Projects,TIGER,,,,,,,,,,TIGER,,,N
*Customers / Projects,*Customers / Projects,TIGER,Learning,,,,,,,,,Learning,,,N
*Customers / Projects,*Customers / Projects,TIGER,Performance & Goals,,,,,,,,,Performance & Goals,,,N
*Customers / Projects,*Customers / Projects,TIGER,SF,,,,,,,,,SF,,,N
*Customers / Projects,*Customers / Projects,TSS_T_SYSTEMS,,,,,,,,,,TSS_T_SYSTEMS,,,N
*Customers / Projects,*Customers / Projects,TSS_T_SYSTEMS,SBB Presales,,,,,,,,,SBB Presales,,,N
*Customers / Projects,*Customers / Projects,VENTUM_DKB,,,,,,,,,,VENTUM_DKB,,,N
*Customers / Projects,*Customers / Projects,VENTUM_DKB,Projektmanagement,,,,,,,,,Projektmanagement,,,N
*Customers / Projects,*Customers / Projects,VERBUND,,,,,,,,,,VERBUND,,,N
*Customers / Projects,*Customers / Projects,VERBUND,2020 SAP HCM Readiness Check,,,,,,,,,2020 SAP HCM Readiness Check,,,N
*Customers / Projects,*Customers / Projects,VERBUND,2021 Ausrollung FIORI-Apps für P,,,,,,,,,2021 Ausrollung FIORI-Apps für PT,,,N
*Customers / Projects,*Customers / Projects,VERBUND,2021 Continous Review of HRIT Ro,,,,,,,,,2021 Continous Review of HRIT Roadmap,,,N
*Customers / Projects,*Customers / Projects,VERBUND,2021 Evaluation weiterer FIORI-A,,,,,,,,,2021 Evaluation weiterer FIORI-Apps,,,N
*Customers / Projects,*Customers / Projects,VERBUND,2021 HCM for S/4HANA Beratung,,,,,,,,,2021 HCM for S/4HANA Beratung,,,N
*Customers / Projects,*Customers / Projects,VERBUND,2021 HR-Prozesse Beratung,,,,,,,,,2021 HR-Prozesse Beratung,,,N
*Customers / Projects,*Customers / Projects,VERBUND,2021 HR-Prozesse Beratung 2,,,,,,,,,2021 HR-Prozesse Beratung 2,,,N
*Customers / Projects,*Customers / Projects,VERBUND,2021 Optimierung Zeiterfassung Ü,,,,,,,,,2021 Optimierung Zeiterfassung ÜPausch,,,N
*Customers / Projects,*Customers / Projects,VERBUND,2021 Optimierung Zeiterfassung Ü,,,,,,,,,2021 Optimierung Zeiterfassung ÜPausch 2,,,N
*Customers / Projects,*Customers / Projects,VERBUND,2021 Reminder Urlaubsverfall,,,,,,,,,2021 Reminder Urlaubsverfall,,,N
*Customers / Projects,*Customers / Projects,VERBUND,2021 SAP HCM Dokumentation Berat,,,,,,,,,2021 SAP HCM Dokumentation Beratung,,,N
*Customers / Projects,*Customers / Projects,VERBUND,2021 SAP HCM Hinweise,,,,,,,,,2021 SAP HCM Hinweise,,,N
*Customers / Projects,*Customers / Projects,VERBUND,2021 SAP HCM Optimierung PA/OM,,,,,,,,,2021 SAP HCM Optimierung PA/OM,,,N
*Customers / Projects,*Customers / Projects,VERBUND,2021 SAP HCM Optimierung PY,,,,,,,,,2021 SAP HCM Optimierung PY,,,N
*Customers / Projects,*Customers / Projects,VERBUND,2021 SAP HCM Support for Payroll,,,,,,,,,2021 SAP HCM Support for Payroll AT/DE,,,N
*Customers / Projects,*Customers / Projects,VERBUND,2021 SAP HCM Zeitwirtschaft AZV,,,,,,,,,2021 SAP HCM Zeitwirtschaft AZV,,,N
*Customers / Projects,*Customers / Projects,VERBUND,2021 Spezifizierung HRIT Roadmap,,,,,,,,,2021 Spezifizierung HRIT Roadmap,,,N
*Customers / Projects,*Customers / Projects,VERBUND,2022 Analysen und Fehlerbehebung,,,,,,,,,2022 Analysen und Fehlerbehebungen in PY AT/DE,,,N
*Customers / Projects,*Customers / Projects,VERBUND,2022 Ausrollung Fiori-Apps Zeitw,,,,,,,,,2022 Ausrollung Fiori-Apps Zeitwirtschaft,,,N
*Customers / Projects,*Customers / Projects,VERBUND,2022 Continous Review of HRIT Ro,,,,,,,,,2022 Continous Review of HRIT Roadmap,,,N
*Customers / Projects,*Customers / Projects,VERBUND,2022 Erarbeitung Entscheidungsgr,,,,,,,,,2022 Erarbeitung Entscheidungsgrundlagen für Fiori,,,N
*Customers / Projects,*Customers / Projects,VERBUND,2022 HCM für S/4HANA,,,,,,,,,2022 HCM für S/4HANA,,,N
*Customers / Projects,*Customers / Projects,VERBUND,2022 Implementierung ÜP FIORI-Ap,,,,,,,,,2022 Implementierung ÜP FIORI-App,,,N
*Customers / Projects,*Customers / Projects,VERBUND,2022 Unterstützung Kompetenzaufb,,,,,,,,,2022 Unterstützung Kompetenzaufbau SAP HCM,,,N
*Customers / Projects,*Customers / Projects,VERBUND,2022 Unterstützung Personalkoste,,,,,,,,,2022 Unterstützung Personalkostenplanung,,,N
*Customers / Projects,*Customers / Projects,VOESTALPINE,,,,,,,,,,VOESTALPINE,,,N
*Customers / Projects,*Customers / Projects,VOESTALPINE,4522131674 ESS/MSS Support,,,,,,,,,4522131674 ESS/MSS Support,,,N
*Customers / Projects,*Customers / Projects,VOESTALPINE,4522131674 HR-Arbeitsplatz GJ 20,,,,,,,,,4522131674 HR-Arbeitsplatz GJ 2022/2023,,,N
*Customers / Projects,*Customers / Projects,VOESTALPINE,4522131674 HR-Berater-Schulung G,,,,,,,,,4522131674 HR-Berater-Schulung GJ 2022/2023,,,N
*Customers / Projects,*Customers / Projects,VOESTALPINE,4522131674 Reise - Support,,,,,,,,,4522131674 Reise - Support,,,N
*Customers / Projects,*Customers / Projects,VOESTALPINE,4523005365 SEG Zulagen,,,,,,,,,4523005365 SEG Zulagen,,,N
*Customers / Projects,*Customers / Projects,VOESTALPINE,4523018814 Rückstellungen,,,,,,,,,4523018814 Rückstellungen,,,N
*Customers / Projects,*Customers / Projects,VOESTALPINE,4523024418 EHP8-Upgrade - IT 200,,,,,,,,,4523024418 EHP8-Upgrade - IT 2005 Ablöse,,,N
*Customers / Projects,*Customers / Projects,VOESTALPINE,4523044762 Üst-Pausch. steuerfr.,,,,,,,,,4523044762 Üst-Pausch. steuerfr. 68/2,,,N
*Customers / Projects,*Customers / Projects,WARTMANN,,,,,,,,,,WARTMANN,,,N
*Customers / Projects,*Customers / Projects,WARTMANN,Support,,,,,,,,,Support,,,N
*Customers / Projects,*Customers / Projects,YADOS,,,,,,,,,,YADOS,,,N
*Customers / Projects,*Customers / Projects,YADOS,Diverse,,,,,,,,,Diverse,,,N
*Customers / Projects,*Customers / Projects,YADOS,HR Roll-out (47),,,,,,,,,HR Roll-out (47),,,N
*Customers / Projects,*Customers / Projects,ZALARIS_LENZE,,,,,,,,,,ZALARIS_LENZE,,,N
*Customers / Projects,*Customers / Projects,ZALARIS_LENZE,Diverse,,,,,,,,,Diverse,,,N
*Customers / Projects,*Customers / Projects,ZKW,,,,,,,,,,ZKW,,,N
*Customers / Projects,*Customers / Projects,ZKW,Payroll and Time Management Supp,,,,,,,,,Payroll and Time Management Support,,,N